file,url,title,description
trust/home.md,/,British Education Consultancy — Schools Universities Executive | ALBION Oxford,"Oxford-based education consultancy since 2010. School and university admissions, executive education, tutoring and guardianship — one accountable team."
private-schools/final.md,/private-schools/,Private Schools in England — Selection & Admission | ALBION Oxford,"Boarding and day school selection, entrance exams, applications and settling in. 96% of pupils placed at an agreed-list school. Independent — no commissions."
private-schools/boarding.md,/private-schools/boarding/,Boarding Schools UK — Selection & Admission | ALBION Oxford,"How to choose and enter a British boarding school: entry points 11+/13+/16+, UKiset, fees, guardianship. 96% placed at an agreed-list school."
private-schools/day-schools.md,/private-schools/day-schools/,Private Day Schools in England & London | ALBION Oxford,"Day school vs boarding, prep and senior entry points, London competition, grammar schools and catchment — honest guidance for relocating families."
private-schools/guardianship.md,/private-schools/guardianship/,Guardianship for International Pupils UK | ALBION Oxford,"Professional guardianship to the AEGIS standard: exeat logistics, emergencies, pastoral care — by consultants who know the child from admission."
private-schools/entrance-exams.md,/private-schools/entrance-exams/,Entrance Exams 11+ 13+ 16+: UKiset ISEB CAT4 | ALBION Oxford,"Map of British school entrance exams: ISEB Pre-Test, Common Entrance, CAT4, UKiset, school papers at 16+. Diagnostics-first preparation."
university-admissions/final.md,/university-admissions/,University Admissions UK — UCAS Oxbridge Masters | ALBION Oxford,"Oxford-based admissions consultancy: UCAS strategy, Oxbridge tests and interviews, master's applications. 3 of 4 Oxbridge candidates reach interview."
university-admissions/oxbridge.md,/university-admissions/oxbridge/,Oxbridge Admissions — Tests Interviews Colleges | ALBION Oxford,"Oxford and Cambridge entry: admissions tests, December interviews, college choice, open days. 3 of 4 ALBION candidates reach the interview stage."
university-admissions/personal-statement.md,/university-admissions/personal-statement/,Personal Statement for UK Universities | ALBION Oxford,"What admissions tutors actually read: evidence of academic interest, subject requirements, UCAS format. Structured guidance, never ghost-written."
university-admissions/masters.md,/university-admissions/masters/,Master's Degrees UK for International Students | ALBION Oxford,"UK master's admissions: programme requirements, deadlines, statements, references, funding. Consultation with written report — £350."
university-admissions/admissions-tests.md,/university-admissions/admissions-tests/,University Admissions Tests: MAT PAT LNAT UCAT | ALBION Oxford,"MAT, PAT, ESAT, LNAT, UCAT, STEP, TARA — which test for which course, registration windows, preparation with specialist tutors."
services/europe.md,/university-admissions/europe/,Universities in Europe — English Programmes | ALBION Oxford,"English-language degrees in the Netherlands, Italy, Spain, Germany and France. Combined UK + Europe application strategies."
services/usa.md,/university-admissions/usa/,US University Admissions — Common App SAT | ALBION Oxford,"American applications for families on a British track: Common App, SAT/ACT, essays, holistic profile. US-only or combined US+UK lists."
services/phd.md,/university-admissions/phd/,PhD Applications UK — Proposal Supervisor Funding | ALBION Oxford,"Doctoral admissions at British universities: research proposal, supervisor outreach, interview, funding competitions. Honest, structured support."
executive/final.md,/executive-education/,Executive Education UK — MBA EMBA Programmes | ALBION Oxford,"MBA, EMBA and management programme admissions led by a Saïd Business School graduate. 10+ clients completed Saïd programmes in the past year."
executive/mba.md,/executive-education/mba/,MBA in the UK — Oxford Cambridge LBS | ALBION Oxford,"One-year British MBAs: school selection, GMAT strategy, essays, interview preparation, rounds and scholarships. Admissions managed end to end."
executive/oxford-said.md,/executive-education/mba/oxford-said/,Oxford Saïd MBA — Admissions Fees Scholarships | ALBION Oxford,"The one-year Oxford MBA: GMAT, essays, rounds, alumni-conducted interviews, scholarships. Guided by a Saïd graduate and alumni admissions representative."
executive/oxford-emba.md,/executive-education/mba/oxford-executive-mba/,Oxford Executive MBA | ALBION Oxford,"The modular Oxford EMBA for senior managers: format, admissions without universal GMAT, employer sponsorship, fees and application strategy."
executive/management-programmes.md,/executive-education/management-programmes/,Management Programmes & Executive Diplomas UK | ALBION Oxford,"Beyond the MBA: master's in management, executive diplomas and short courses at British business schools — matched to the actual career question."
tutors/final.md,/tutors/,GCSE A-Level & IB Tutors | ALBION Oxford,"150+ tutors selected and coordinated in-house — UK-qualified teachers and examiners. GCSE, A-Level, IB, entrance exams. From £65/hour."
tutors/gcse.md,/tutors/gcse/,GCSE Tutors — Online & Oxford | ALBION Oxford,"GCSE preparation by exam board: diagnostics on past papers, subject specialists, mock cycles. From £65/hour, plan based on honest assessment."
tutors/a-level.md,/tutors/a-level/,A-Level Tutors — Subject Choice & Grades | ALBION Oxford,"A-Level tutoring aligned to university offers: subject selection, mark-scheme technique, predicted grades, retake strategy. From £65/hour."
tutors/ib.md,/tutors/ib/,IB Tutors — Diploma EE IA ToK | ALBION Oxford,"IB Diploma support: HL/SL subjects, internal assessments, Extended Essay and ToK within IB integrity rules. From £65/hour."
tutors/revision-courses.md,/tutors/revision-courses/,Revision Courses UK — GCSE A-Level IB | ALBION Oxford,"Intensive pre-exam programmes: Easter revision, half-term intensives, pre-mock courses. Exam-board specific, online or Oxford-based."
tutors/easter.md,/tutors/revision-courses/easter/,Easter Revision Courses | ALBION Oxford,"The final window before May–June exams: diagnostics, timed papers, examiner-standard feedback. Small groups or individual intensives."
tutors/homeschooling.md,/tutors/homeschooling/,Homeschooling on the British Curriculum | ALBION Oxford,"Structured home education toward GCSE and A-Level: coordinated tutor team, private-candidate exam entry, a route back to school or university."
summer/final.md,/summer-schools/,Summer Schools in England — Ages 6–18 | ALBION Oxford,"Academic, language and career summer programmes selected from inside the UK: day camps from £595/week, boarding courses, university-prep faculties."
summer/oxford.md,/summer-schools/oxford/,Oxford Summer Schools & Camps | ALBION Oxford,"Summer programmes in Oxford selected on the ground: day camps for ages 6–12, academic and university-prep courses for teenagers, guardianship included."
services/assessment.md,/assessment/,Academic Assessment for British Schools | ALBION Oxford,"Objective assessment against British peers: past papers, aptitude testing, written report. The foundation of every admissions plan. £350."
services/career-guidance.md,/career-guidance/,Career Guidance for Teenagers | ALBION Oxford,"Aptitude profiling and subject-choice strategy for GCSE, A-Level and university — a written route map from profession backwards to today's decisions."
services/language-preparation.md,/language-preparation/,English Language Courses Oxford & London | ALBION Oxford,"English programmes for children and adults in Oxford and London: group courses, individual tuition, exam preparation for school and university entry."
services/prices.md,/prices/,Fees — Consultation Admissions Tutoring | ALBION Oxford,"Published fees: consultation with written report £350, admissions programmes from £6,000, tuition from £65/hour, plus third-party cost reference points."
trust/about.md,/about/,About | ALBION Oxford,"Independent Oxford-based education consultancy since 2010: no school commissions, one accountable team from assessment to life at school."
trust/team.md,/team/,Team | ALBION Oxford,"The people behind ALBION: co-founder and Saïd graduate Anfisa Bashkirova, academic director, guardianship lead and 150+ vetted tutors."
trust/cases.md,/cases/,Cases | ALBION Oxford,"Real admissions and guardianship cases, anonymised: school offers, Oxbridge interviews, Saïd MBAs and the situations that did not go to plan."
trust/reviews.md,/reviews/,Reviews | ALBION Oxford,"Client reviews from our public Google Business Profile — unedited, as families left them."
trust/events.md,/events/,Events | ALBION Oxford,"Open days in Oxford and admissions webinars for families considering British schools and universities."
trust/open-day.md,/events/open-day/,Open Day | ALBION Oxford,"Meet the ALBION team in Oxford: assessment tasters, honest Q&A on fees, timelines and realistic outcomes."
trust/apply.md,/apply/,Book a Consultation — £350 | ALBION Oxford,"Initial consultation with a written report: where the child stands, which route is realistic, what it costs. £350, credited toward a programme."
trust/contact.md,/contact/,Contact | ALBION Oxford,"ALBION — New Barclay House, 234 Botley Road, Oxford OX2 0HP. Phone +44 (0) 1865 236391. We reply within one working day."
trust/guides.md,/guides/,Guides — Free PDF Downloads | ALBION Oxford,"Practical PDFs: the parents' guide to British schools, the 90-day entrance-exam plan, the UCAS application guide. Free, no drip campaigns."
trust/blog.md,/blog/,Blog | ALBION Oxford,"Notes on British education from inside it — admissions, exams, guardianship — written by the consultants and tutors who do the work."
