L1,L2,L3,Страница,Тип,URL_EN,URL_RU,Title_EN (черновик),Title_RU (черновик),H1_RU (черновик),Приоритет
Home,,,Главная,home,/,/ru/,ALBION Oxford — British Education Consultancy,"ALBION Oxford — британское образование: школы, вузы, MBA","ALBION Oxford: частные школы, Оксбридж и MBA — персональное сопровождение",P1
Schools,,,Частные школы (пилар),pillar,/private-schools/,/ru/chastnye-shkoly/,Private Schools in the UK — ALBION Oxford,Частные школы Великобритании — ALBION Oxford,Поступление в частные школы Великобритании,P1
Schools,Boarding,,Школы-пансионы,money,/private-schools/boarding/,/ru/chastnye-shkoly/pansiony/,Boarding Schools in the UK — Admissions Support | ALBION Oxford,Школы-пансионы в Англии: подбор и поступление — ALBION Oxford,Поступление в школы-пансионы Англии,P1
Schools,Day schools,,Дневные школы,money,/private-schools/day-schools/,/ru/chastnye-shkoly/dnevnye-shkoly/,Private Day Schools in London & the UK | ALBION Oxford,Частные дневные школы Лондона и Великобритании — ALBION Oxford,Частные дневные школы: как выбрать и поступить,P1
Schools,Guardianship,,Опека / Guardianship (страница без продвижения),service,/private-schools/guardianship/,/ru/chastnye-shkoly/opeka/,Educational Guardianship in the UK (AEGIS-standard) | ALBION Oxford,Опека над школьником в Великобритании — ALBION Oxford,Опека и сопровождение ученика в британской школе,S
Schools,Admissions tests,,Вступительные экзамены 11+/13+/16+,money,/private-schools/entrance-exams/,/ru/chastnye-shkoly/vstupitelnye-ekzameny/,"11+, 13+ & 16+ Entrance Exam Preparation | ALBION Oxford","Подготовка к экзаменам 11+, 13+ и 16+ в школы — ALBION Oxford","Вступительные экзамены в частные школы Англии: 11+, 13+, 16+",P1*
Schools,School profiles,,Профиль школы (шаблон),template,/schools/{name}/,/ru/shkoly/{name}/,"{School}: admissions, fees, entry requirements | ALBION Oxford","{Школа}: поступление, стоимость, требования — ALBION Oxford",{Школа}: как поступить,P3
Universities,,,Поступление в вузы (пилар),pillar,/university-admissions/,/ru/postuplenie-v-universitety/,UK University Admissions — UCAS Support | ALBION Oxford,Поступление в университеты Великобритании — ALBION Oxford,Поступление в британские университеты,P1
Universities,Oxbridge,,Оксбридж,money,/university-admissions/oxbridge/,/ru/postuplenie-v-universitety/oksbridzh/,"Oxbridge Admissions: Tutors, Tests, Interviews | ALBION Oxford",Поступление в Оксфорд и Кембридж — ALBION Oxford,"Поступление в Оксбридж: стратегия, тесты, собеседование",P1
Blog,UCAS,,"Блог: UCAS — подача, дедлайны, референс (гайд)",journal,/blog/ucas-application-guide/,/ru/blog/ucas-podacha-dedlajny/,"UCAS Application Guide: Deadlines, Reference, Submission | ALBION Oxford","Подача через UCAS: дедлайны, референс, документы — гайд ALBION",UCAS: как подать заявку и не сорвать дедлайн,P2
Universities,Personal statement,,Мотивационное письмо,money,/university-admissions/personal-statement/,/ru/postuplenie-v-universitety/motivatsionnoe-pismo/,Personal Statement for Law & Medicine | ALBION Oxford,Personal statement для права и медицины — ALBION Oxford,"Personal statement, который читают приёмные комиссии",P1
Universities,Masters,,Магистратура,money,/university-admissions/masters/,/ru/postuplenie-v-universitety/magistratura/,Master's Admissions in the UK | ALBION Oxford,Поступление в магистратуру Великобритании — ALBION Oxford,Поступление в магистратуру: от выбора программы до оффера,P1
Universities,Admissions tests,,Вступительные тесты вузов,money,/university-admissions/admissions-tests/,/ru/postuplenie-v-universitety/ekzameny/,"LNAT, TMUA, UCAT, MAT Preparation | ALBION Oxford","Подготовка к LNAT, TMUA, UCAT и другим тестам вузов — ALBION Oxford",Подготовка ко вступительным тестам британских вузов,P1*
Universities,Europe,,Университеты Европы,service,/university-admissions/europe/,/ru/postuplenie-v-universitety/evropa/,European University Admissions | ALBION Oxford,Поступление в университеты Европы — ALBION Oxford,Поступление в европейские университеты,S
Universities,USA,,Университеты США,service,/university-admissions/usa/,/ru/postuplenie-v-universitety/ssha/,US University Admissions | ALBION Oxford,Поступление в университеты США — ALBION Oxford,Поступление в американские университеты,S
Universities,PhD,,Докторантура,service,/university-admissions/phd/,/ru/postuplenie-v-universitety/doktorantura/,PhD Admissions Support | ALBION Oxford,Поступление в докторантуру (PhD) — ALBION Oxford,Поступление в докторантуру британских вузов,S
Executive Education,,,Executive-образование (пилар),pillar,/executive-education/,/ru/executive-obrazovanie/,Executive Education in Oxford | ALBION Oxford,Образование для руководителей в Оксфорде — ALBION Oxford,"Программы для руководителей: MBA, EMBA и короткие курсы",P1
Executive Education,MBA,,MBA (пилар),pillar,/executive-education/mba/,/ru/executive-obrazovanie/mba/,MBA Admissions Consulting — Oxford Saïd | ALBION Oxford,Поступление на MBA — ALBION Oxford,Поступление на MBA: стратегия и сопровождение,P1
Executive Education,Oxford Saïd MBA,,Oxford Saïd MBA,money,/executive-education/mba/oxford-said/,/ru/executive-obrazovanie/mba/oksford-said/,"Oxford Saïd MBA: Requirements, Essays, Deadlines | ALBION Oxford","MBA в Оксфорде (Saïd): требования, эссе, сроки — ALBION Oxford",Поступление на MBA Saïd Business School Оксфорда,P1
Executive Education,Oxford EMBA,,Oxford Executive MBA,money,/executive-education/mba/oxford-executive-mba/,/ru/executive-obrazovanie/mba/oksford-emba/,Oxford Executive MBA (EMBA) — Admissions | ALBION Oxford,Executive MBA Оксфорда: поступление — ALBION Oxford,Oxford Executive MBA: требования и стратегия поступления,P1
Tutors,,,Тьюторы (пилар),pillar,/tutors/,/ru/repetitory/,"GCSE, A-Level & IB Tutors — Oxford | ALBION Oxford","Тьюторы GCSE, A-Level и IB — ALBION Oxford",Тьюторы ALBION: академический профиль и подход,P1
Tutors,GCSE,,Тьюторы GCSE,money,/tutors/gcse/,/ru/repetitory/gcse/,"GCSE & IGCSE Tutors: Maths, English, Sciences | ALBION Oxford",Подготовка к GCSE и IGCSE с тьюторами — ALBION Oxford,"Подготовка к GCSE и IGCSE: предметы, оценки, план",P1
Tutors,A-Level,,Тьюторы A-Level,money,/tutors/a-level/,/ru/repetitory/a-level/,A-Level Tutors | ALBION Oxford,Подготовка к A-Level с тьюторами — ALBION Oxford,Подготовка к A-Level: выбор предметов и результаты,P1
Tutors,IB,,Тьюторы IB,money,/tutors/ib/,/ru/repetitory/ib/,IB Tutors (IB Diploma) | ALBION Oxford,Подготовка к IB с тьюторами — ALBION Oxford,"Подготовка к IB: предметы, EE, TOK, CAS",P1
Tutors,Revision courses,,Интенсивы / Revision,pillar,/tutors/revision-courses/,/ru/repetitory/intensivy/,"Revision Courses: GCSE, A-Level, IB — Oxford & Online | ALBION Oxford",Интенсивные курсы подготовки GCSE / A-Level / IB — ALBION Oxford,Интенсивные курсы: системная подготовка к экзаменам,P1*
Tutors,Easter revision,,Пасхальные интенсивы,money,/tutors/revision-courses/easter/,/ru/repetitory/intensivy/paskha/,"Easter Revision Courses (A-Level, GCSE) | ALBION Oxford",Пасхальные интенсивы A-Level / GCSE — ALBION Oxford,Пасхальный интенсив: экзаменационная техника за 2 недели,P1*
Tutors,Homeschooling,,Домашнее обучение,service,/tutors/homeschooling/,/ru/domashnee-obuchenie/,Homeschooling with Oxford Tutors | ALBION Oxford,Домашнее обучение по британской программе — ALBION Oxford,Домашнее обучение с тьюторами ALBION,S
Tutors,Profile,,Профиль тьютора (шаблон),template,/tutors/{name}/,/ru/repetitory/{name}/,{Name} — {Subject} Tutor | ALBION Oxford,{Имя} — тьютор по {предмет} — ALBION Oxford,{Имя}: академический профиль,P1
Summer,,,Летние школы (пилар),pillar,/summer-schools/,/ru/letnie-shkoly/,Summer Schools in the UK | ALBION Oxford,Летние школы в Англии — ALBION Oxford,Летние школы в Великобритании,P1
Summer,Oxford,,Летние школы Оксфорда,money,/summer-schools/oxford/,/ru/letnie-shkoly/oksford/,Oxford Summer Schools & Academic Programmes | ALBION Oxford,Летние школы Оксфорда — ALBION Oxford,Академические интенсивы и летние школы в Оксфорде,P1
Services,Assessment,,Академическая оценка / APT,service,/assessment/,/ru/akademicheskaya-otsenka/,Academic Assessment & Testing (APT) | ALBION Oxford,Академическая оценка и тестирование — ALBION Oxford,Академическая оценка: объективная картина ученика,S
Services,Career guidance,,Карьерное ориентирование,service,/career-guidance/,/ru/karernoe-orientirovanie/,Career Guidance for Students | ALBION Oxford,Карьерное ориентирование школьников и студентов — ALBION Oxford,Карьерное ориентирование: от предметов к профессии,S
Company,About,,"О компании (About: миссия, подход, ценности)",trust,/about/,/ru/o-kompanii/,About ALBION Oxford,О компании ALBION Oxford,ALBION Oxford: консультанты британского образования,P1
Company,Team,,Команда,trust,/team/,/ru/komanda/,Our Team | ALBION Oxford,Команда — ALBION Oxford,Команда ALBION,P1
Company,Cases,,Кейсы,trust,/cases/,/ru/kejsy/,Student Cases & Results | ALBION Oxford,Кейсы и результаты — ALBION Oxford,Кейсы: куда поступили наши студенты,P1
Company,Events,,Вебинары и события,hub,/events/,/ru/sobytiya/,Events & Webinars | ALBION Oxford,События и вебинары — ALBION Oxford,Вебинары и встречи ALBION,P1
Funnel,Apply,,Скрининг-анкета,funnel,/apply/,/ru/anketa/,Start Your Application — ALBION Oxford,Оставить заявку — ALBION Oxford,Анкета: подберём стратегию поступления,P1
Funnel,Contact,,Контакты,service,/contact/,/ru/kontakty/,Contact ALBION Oxford,Контакты — ALBION Oxford,Связаться с ALBION Oxford,P1
Funnel,Guides,,Лид-магниты (PDF),funnel,/guides/,/ru/gidy/,"Free Guides: UK Schools, UKiset, Oxbridge | ALBION Oxford","PDF-гайды: школы, UKiset, Оксбридж — ALBION Oxford",PDF-гайды для родителей и абитуриентов,P1
Funnel,Prices,,Прайс,funnel,/prices/,/ru/tseny/,Prices & Packages | ALBION Oxford,Стоимость услуг — ALBION Oxford,Пакеты и стоимость сопровождения,S
Blog,,,Блог (хаб),hub,/blog/,/ru/blog/,The ALBION Blog — UK Education Guides,Блог ALBION — про британское образование,"Блог: гайды по школам, экзаменам и поступлению",P1
Summer,Language preparation,,Языковая подготовка,service,/language-preparation/,/ru/yazykovaya-podgotovka/,English Language Preparation in the UK | ALBION Oxford,Языковая подготовка в Великобритании — ALBION Oxford,Языковая подготовка: курсы английского для школьников и абитуриентов,S
Executive Education,Management programmes,,Управленческие программы,service,/executive-education/management-programmes/,/ru/executive-obrazovanie/upravlencheskie-programmy/,Executive & Management Programmes in Oxford | ALBION Oxford,Управленческие программы в Оксфорде — ALBION Oxford,Управленческие программы для руководителей,S
Company,Reviews,,Отзывы клиентов,trust,/reviews/,/ru/otzyvy/,Client Reviews | ALBION Oxford,Отзывы клиентов — ALBION Oxford,Отзывы семей и студентов ALBION,P1
Company,Media,,Медиа,trust,/media/,/ru/media/,ALBION in the Media,ALBION в СМИ,ALBION в медиа и публикациях,S
Universities,Open day,,День открытых дверей,funnel,/events/open-day/,/ru/sobytiya/den-otkrytyh-dverey/,ALBION Open Day in Oxford | ALBION Oxford,День открытых дверей ALBION в Оксфорде,День открытых дверей: встреча для родителей,S
